{"cameraMode":{"drawMode":0,"name":"Shaded","section":"Shading Mode"},"sceneLighting":true,"audioPlay":false,"sceneViewState":{"showFog":true,"showMaterialUpdate":false,"showSkybox":true,"showFlares":true,"showImageEffects":true,"showParticleSystems":true},"in2DMode":false,"pivot":{"x":3.716658353805542,"y":-2.534566879272461,"z":-0.9768667221069336},"rotation":{"x":0.2308933138847351,"y":0.10193891078233719,"z":-0.024332530796527864,"w":0.9673199653625488},"size":14.804123878479004,"orthographic":false}